ID	height	weight	BMI
3	160	50	19.53125
2	175	78	25.46938775510204
5		55	
6	180		
1	170	73	25.259515570934255
